Kind,Value
path,programdata\microsoft\crypto\rsa
path,system volume information
path,users\containeradministrator\ntuser.dat
path,users\containeradministrator\ntuser.dat.log1
path,users\containeradministrator\ntuser.dat.log2
path,users\containeradministrator\ntuser.ini
path,users\containeradministrator\appdata\local\microsoft
path,windows\debug
path,windows\installer
path,windows\logs
path,windows\microsoft.net
path,windows\logs\netsetup\service.0.etl
path,windows\microsoft.net\framework64\v4.0.30319
path,windows\microsoft.net\framework64\v4.0.30319\ngen.log
path,windows\serviceprofiles\networkservice\debug
path,windows\system32\catroot2
path,windows\system32\logfiles
path,windows\system32\winevt
regex,^windows\\system32\\[^\\\/]+.etl$
path,windows\system32\en-us\msiexec.exe.mui
path,windows\system32\wbem
path,windows\system32\winevt\logs
path,windows\tasks\sa.dat
regex,^windows\\assembly\\NativeImages.*